{"cameraMode":{"drawMode":0,"name":"Shaded","section":"Shading Mode"},"sceneLighting":true,"audioPlay":false,"sceneViewState":{"showFog":true,"showMaterialUpdate":false,"showSkybox":true,"showFlares":true,"showImageEffects":true,"showParticleSystems":true},"in2DMode":false,"pivot":{"x":0.003414243459701538,"y":-0.06819429993629456,"z":-0.1464654803276062},"rotation":{"x":-0.13043148815631867,"y":0.009514757432043553,"z":-0.0012542399344965816,"w":-0.9914183020591736},"size":1.0658197402954102,"orthographic":false}