{"cameraMode":{"drawMode":0,"name":"Shaded","section":"Shading Mode"},"sceneLighting":true,"audioPlay":false,"sceneViewState":{"showFog":true,"showMaterialUpdate":false,"showSkybox":true,"showFlares":true,"showImageEffects":true,"showParticleSystems":true},"in2DMode":false,"pivot":{"x":0.10340772569179535,"y":-0.19089993834495545,"z":0.39108806848526},"rotation":{"x":0.14088274538516999,"y":-0.011398357339203358,"z":0.0024618746247142555,"w":0.9903606176376343},"size":1.5934386253356934,"orthographic":false}