{"cameraMode":{"drawMode":0,"name":"Shaded","section":"Shading Mode"},"sceneLighting":true,"audioPlay":false,"sceneViewState":{"showFog":true,"showMaterialUpdate":false,"showSkybox":true,"showFlares":true,"showImageEffects":true,"showParticleSystems":true},"in2DMode":false,"pivot":{"x":0.08459492027759552,"y":-0.0011049211025238038,"z":0.7473000288009644},"rotation":{"x":-0.05727538838982582,"y":-0.009886596351861954,"z":0.0005658773588947952,"w":-0.9983136057853699},"size":2.1939029693603517,"orthographic":false}