{"cameraMode":{"drawMode":0,"name":"Shaded","section":"Shading Mode"},"sceneLighting":false,"audioPlay":false,"sceneViewState":{"showFog":true,"showMaterialUpdate":false,"showSkybox":false,"showFlares":true,"showImageEffects":true,"showParticleSystems":true},"in2DMode":false,"pivot":{"x":0.03799998760223389,"y":0.4320000410079956,"z":-0.9270000457763672},"rotation":{"x":0.09010271728038788,"y":-0.04301002249121666,"z":0.004257218912243843,"w":0.995181679725647},"size":1.0383186340332032,"orthographic":false}