{"cameraMode":{"drawMode":0,"name":"Shaded","section":"Shading Mode"},"sceneLighting":false,"audioPlay":false,"sceneViewState":{"showFog":true,"showMaterialUpdate":false,"showSkybox":false,"showFlares":true,"showImageEffects":true,"showParticleSystems":true},"in2DMode":false,"pivot":{"x":-2.347808837890625,"y":2.194793701171875,"z":-2.0214438438415529},"rotation":{"x":0.09585530310869217,"y":-0.07726027816534043,"z":0.007872388698160649,"w":0.9925451278686523},"size":22.0,"orthographic":false}