{"cameraMode":{"drawMode":0,"name":"Shaded","section":"Shading Mode"},"sceneLighting":false,"audioPlay":false,"sceneViewState":{"showFog":true,"showMaterialUpdate":false,"showSkybox":false,"showFlares":true,"showImageEffects":true,"showParticleSystems":true},"in2DMode":false,"pivot":{"x":0.0,"y":2.493633985519409,"z":-7.106634140014648},"rotation":{"x":0.2714332938194275,"y":-0.003623463911935687,"z":0.0006793656502850354,"w":0.9627065658569336},"size":0.18330201506614686,"orthographic":false}