{"cameraMode":{"drawMode":0,"name":"Shaded","section":"Shading Mode"},"sceneLighting":true,"audioPlay":false,"sceneViewState":{"showFog":true,"showMaterialUpdate":false,"showSkybox":true,"showFlares":true,"showImageEffects":true,"showParticleSystems":true},"in2DMode":false,"pivot":{"x":0.17021718621253968,"y":0.6163952946662903,"z":0.15160465240478517},"rotation":{"x":0.06925944983959198,"y":0.01370649877935648,"z":-0.0012929687509313226,"w":0.9977735280990601},"size":3.936694622039795,"orthographic":false}