{"cameraMode":{"drawMode":0,"name":"Shaded","section":"Shading Mode"},"sceneLighting":true,"audioPlay":false,"sceneViewState":{"showFog":true,"showMaterialUpdate":false,"showSkybox":true,"showFlares":true,"showImageEffects":true,"showParticleSystems":true},"in2DMode":false,"pivot":{"x":0.03800000250339508,"y":0.4320000112056732,"z":-0.9269999861717224},"rotation":{"x":0.12726086378097535,"y":-0.29546624422073367,"z":0.04012024775147438,"w":0.9461885690689087},"size":6.157262325286865,"orthographic":false}