{"cameraMode":{"drawMode":0,"name":"Shaded","section":"Shading Mode"},"sceneLighting":false,"audioPlay":false,"sceneViewState":{"showFog":true,"showMaterialUpdate":false,"showSkybox":false,"showFlares":true,"showImageEffects":true,"showParticleSystems":true},"in2DMode":false,"pivot":{"x":0.6029102802276611,"y":2.3979146480560304,"z":-7.096528053283691},"rotation":{"x":0.3902539014816284,"y":0.0008450692985206842,"z":-0.00015710678417235613,"w":0.920950710773468},"size":0.9178879261016846,"orthographic":false}