{"cameraMode":{"drawMode":0,"name":"Shaded","section":"Shading Mode"},"sceneLighting":true,"audioPlay":false,"sceneViewState":{"showFog":true,"showMaterialUpdate":false,"showSkybox":true,"showFlares":true,"showImageEffects":true,"showParticleSystems":true},"in2DMode":false,"pivot":{"x":0.12822259962558747,"y":0.03350287675857544,"z":0.13255959749221803},"rotation":{"x":-0.14825943112373353,"y":-0.005343363154679537,"z":0.00079956348054111,"w":-0.9889395236968994},"size":1.3658196926116944,"orthographic":false}